<?xml version="1.0" encoding="UTF-8"?>
<project-private xmlns="http://www.netbeans.org/ns/project-private/1">
    <editor-bookmarks xmlns="http://www.netbeans.org/ns/editor-bookmarks/2" lastBookmarkId="0"/>
    <open-files xmlns="http://www.netbeans.org/ns/projectui-open-files/2">
        <group>
            <file>file:/Applications/XAMPP/xamppfiles/htdocs/hydrogen/profile.php</file>
            <file>file:/Applications/XAMPP/xamppfiles/htdocs/hydrogen/login.php</file>
            <file>file:/Applications/XAMPP/xamppfiles/htdocs/hydrogen/inloggen.html</file>
            <file>file:/Applications/XAMPP/xamppfiles/htdocs/hydrogen/performance.php</file>
            <file>file:/Applications/XAMPP/xamppfiles/htdocs/hydrogen/changeInformation.php</file>
        </group>
    </open-files>
</project-private>
